cap,strategy,gen,pop,best_f,mean_f,diversity,cap_used
20,fixed,0,20,0.44205836935353093,0.10835071515680036,0.7379343115027971,20
20,fixed,1,20,0.44205836935353093,0.15907203911912746,0.6082085972224635,20
20,fixed,2,20,0.5022169127909317,0.20785399614859773,0.5760347690080173,20
20,fixed,3,20,0.5022169127909317,0.21929164598644574,0.5973008917939193,20
20,fixed,4,20,0.5204976344594858,0.3148699624005916,0.4688155749435215,20
20,fixed,5,20,0.5204976344594858,0.39021214026510903,0.39629838165579706,20
20,fixed,6,20,0.5204976344594858,0.3881492976364517,0.35137412080518693,20
20,fixed,7,20,0.5256947429339465,0.4002851065734155,0.3811320371283652,20
20,fixed,8,20,0.7452699227936475,0.4469685202767809,0.34080051252495713,20
20,fixed,9,20,0.8487747300760604,0.5389604357290395,0.31969312131120775,20
20,fixed,10,20,0.9739071480939511,0.6120413526395432,0.32776763243512697,20
20,fixed,11,20,0.9739071480939511,0.6661506531006103,0.3399308708931171,20
20,fixed,12,20,0.9739071480939511,0.7435991205942339,0.2694952304910239,20
20,fixed,13,20,0.9920484352878284,0.823989792210239,0.22553805351479833,20
20,fixed,14,20,1,0.8646864681390689,0.1650490974465908,20
20,fixed,15,20,1,0.8741171999738213,0.15877963096553285,20
20,fixed,16,20,1,0.8726608026974475,0.174112765679247,20
20,fixed,17,20,1,0.891407344496628,0.1681736967205849,20
20,fixed,18,20,1,0.9061107206168855,0.14470156204142604,20
20,fixed,19,20,1,0.8963208429820728,0.16519177547252492,20
20,fixed,20,20,1,0.919567582822928,0.14424186068356465,20
20,fixed,21,20,1,0.9157503167376942,0.15434085038617124,20
20,fixed,22,20,1,0.8870021910577955,0.18420501728694624,20
20,fixed,23,20,1,0.9203893772289483,0.12826118633793587,20
20,fixed,24,20,1,0.9122631682671782,0.14123781489725062,20
20,fixed,25,20,1,0.9224025538064178,0.14841101531864437,20
20,fixed,26,20,1,0.905416480737401,0.16903265034348328,20
20,fixed,27,20,1,0.8916830444618291,0.14926284485995783,20
20,fixed,28,20,1,0.9105862975311843,0.1620932794490773,20
20,fixed,29,20,1,0.9473963546036511,0.10804685776164222,20
20,fixed,30,20,1,0.9169843783198589,0.15147236706517425,20
20,fixed,31,20,1,0.8980118977227889,0.1481520770670216,20
20,fixed,32,20,1,0.8956878256489788,0.1495838182171919,20
20,fixed,33,20,1,0.9195759777398858,0.14857921464286605,20
20,fixed,34,20,1,0.9160803438041223,0.1529419800247517,20
20,fixed,35,20,1,0.9099538701335268,0.1588451199226369,20
20,fixed,36,20,1,0.9341425126533732,0.11633062658248952,20
20,fixed,37,20,1,0.9396635606334565,0.119841055846341,20
20,fixed,38,20,1,0.955203669860534,0.09391583694287738,20
20,fixed,39,20,1,0.9507401998095657,0.12194295240048907,20
20,fixed,40,20,1,0.9352790391193618,0.1501760073464955,20
20,fixed,41,20,1,0.9329648013732921,0.1433890590966988,20
20,fixed,42,20,1,0.8993655566318195,0.16258627552753613,20
20,fixed,43,20,1,0.9036340012698238,0.13818030897909184,20
20,fixed,44,20,1,0.8956313729228385,0.16970303508943263,20
20,fixed,45,20,1,0.9465418082045056,0.09758674915491747,20
20,fixed,46,20,1,0.9093006207701014,0.18516237158942123,20
20,fixed,47,20,1,0.9045603036972547,0.17230910655658654,20
20,fixed,48,20,1,0.8854370032107927,0.17725506900287216,20
20,fixed,49,20,1,0.8771381037178452,0.17940332907099704,20
20,fixed,50,20,1,0.868485591883481,0.21960624150329433,20
20,fixed,51,20,1,0.9014025548192407,0.17121358823813304,20
20,fixed,52,20,1,0.9101519369095639,0.13216566097476787,20
20,fixed,53,20,1,0.9103994663057688,0.1335551314483554,20
20,fixed,54,20,1,0.8988236111115393,0.16718286846536579,20
20,fixed,55,20,1,0.9084614150691083,0.15719197345754743,20
20,fixed,56,20,1,0.8993936014566927,0.16212062321552415,20
20,fixed,57,20,1,0.8919967619120331,0.17647686049067393,20
20,fixed,58,20,1,0.8796051322609463,0.1658171930520253,20
20,fixed,59,20,1,0.8850911409130692,0.1659833255761297,20
20,fixed,60,20,1,0.9077612461442373,0.17924274064478862,20
20,fixed,61,20,1,0.9140728951155601,0.1410649488949365,20
20,fixed,62,20,1,0.9052790779368427,0.15442581152091234,20
20,fixed,63,20,1,0.9080057258954408,0.1382735576823101,20
20,fixed,64,20,1,0.890770519998585,0.17052276170026293,20
20,fixed,65,20,1,0.8999645195544785,0.1715235821019469,20
20,fixed,66,20,1,0.9229006866971291,0.1358945193602868,20
20,fixed,67,20,1,0.9094670800169252,0.14458920587532206,20
20,fixed,68,20,1,0.9160249900007156,0.16412696952466338,20
20,fixed,69,20,1,0.9363245198935912,0.14405824190383248,20
20,fixed,70,20,1,0.9150578722377372,0.16554620974287915,20
20,fixed,71,20,1,0.8995360023166841,0.16709837147054596,20
20,fixed,72,20,1,0.9365753634110939,0.11127286855086176,20
20,fixed,73,20,1,0.9117081797114214,0.15205771726038028,20
20,fixed,74,20,1,0.8920759110393849,0.1796365639085723,20
20,fixed,75,20,1,0.905141594629457,0.16562588164739872,20
20,fixed,76,20,1,0.9048983274540514,0.16376010583123782,20
20,fixed,77,20,1,0.896320163252588,0.18604934193431488,20
20,fixed,78,20,1,0.8958878082834932,0.1798491637716923,20
20,fixed,79,20,1,0.9027919579359622,0.15997164868800806,20
20,fixed,80,20,1,0.9158808531119096,0.14891252758748755,20
20,fixed,81,20,1,0.9255816775053478,0.11636213360575676,20
20,fixed,82,20,1,0.8956866033547325,0.1575845131098994,20
20,fixed,83,20,1,0.9014946302900617,0.16636736945552186,20
20,fixed,84,20,1,0.8584812973160737,0.23487059850895645,20
20,fixed,85,20,1,0.8514561392112714,0.22001363293329773,20
20,fixed,86,20,1,0.8880727068323413,0.15932498444696386,20
20,fixed,87,20,1,0.9162230307258492,0.159562462330412,20
20,fixed,88,20,1,0.912340236626048,0.1509755230934644,20
20,fixed,89,20,1,0.9095880435730421,0.1562201780178651,20
20,fixed,90,20,1,0.9206891041048605,0.15478962645707878,20
20,fixed,91,20,1,0.933081409432606,0.12748132663453293,20
20,fixed,92,20,1,0.938640720484354,0.1205523929750956,20
20,fixed,93,20,1,0.9390772139106158,0.13259317263778517,20
20,fixed,94,20,1,0.9137455007765508,0.18073003284284053,20
20,fixed,95,20,1,0.913199906804914,0.1591211306398385,20
20,fixed,96,20,1,0.8998012850748525,0.17089854629211482,20
20,fixed,97,20,1,0.8968313419126902,0.15808912612800174,20
20,fixed,98,20,1,0.9264140980226075,0.14298086732614257,20
20,fixed,99,20,1,0.9312331669349609,0.11790339666665647,20
20,dynamic,0,20,0.44205836935353093,0.10835071515680036,0.7379343115027971,20
20,dynamic,1,20,0.44205836935353093,0.15907203911912746,0.6082085972224635,20
20,dynamic,2,20,0.5022169127909317,0.20785399614859773,0.5760347690080173,20
20,dynamic,3,20,0.5022169127909317,0.21929164598644574,0.5973008917939193,20
20,dynamic,4,20,0.5204976344594858,0.3148699624005916,0.4688155749435215,20
20,dynamic,5,20,0.5204976344594858,0.39021214026510903,0.39629838165579706,20
20,dynamic,6,20,0.5204976344594858,0.3881492976364517,0.35137412080518693,20
20,dynamic,7,20,0.5256947429339465,0.4002851065734155,0.3811320371283652,20
20,dynamic,8,20,0.7452699227936475,0.4469685202767809,0.34080051252495713,20
20,dynamic,9,20,0.8487747300760604,0.5389604357290395,0.31969312131120775,20
20,dynamic,10,20,0.9739071480939511,0.6120413526395432,0.32776763243512697,20
20,dynamic,11,20,0.9739071480939511,0.6661506531006103,0.3399308708931171,20
20,dynamic,12,20,0.9739071480939511,0.7435991205942339,0.2694952304910239,20
20,dynamic,13,20,0.9920484352878284,0.823989792210239,0.22553805351479833,20
20,dynamic,14,20,1,0.8646864681390689,0.1650490974465908,20
20,dynamic,15,20,1,0.8741171999738213,0.15877963096553285,20
20,dynamic,16,20,1,0.8726608026974475,0.174112765679247,20
20,dynamic,17,20,1,0.891407344496628,0.1681736967205849,20
20,dynamic,18,20,1,0.9061107206168855,0.14470156204142604,20
20,dynamic,19,20,1,0.8963208429820728,0.16519177547252492,20
20,dynamic,20,30,1,0.9012662254968286,0.15062281789483029,30
20,dynamic,21,30,1,0.8836133622671112,0.16550577959443624,30
20,dynamic,22,30,1,0.9224207680834338,0.12639215089915168,30
20,dynamic,23,30,1,0.8955649017022207,0.15845299024455994,30
20,dynamic,24,30,1,0.8966661450230523,0.1966200910252155,30
20,dynamic,25,30,1,0.896231456457316,0.17197167289376442,30
20,dynamic,26,30,1,0.9233933957184132,0.1245542720380744,30
20,dynamic,27,30,1,0.9152853096590253,0.14480390519856645,30
20,dynamic,28,30,1,0.9349581549937305,0.12938895679059345,30
20,dynamic,29,30,1,0.9039494449189114,0.18043008956850967,30
20,dynamic,30,30,1,0.9062497304790017,0.1604223600222219,30
20,dynamic,31,30,1,0.897211295032499,0.1695727812280774,30
20,dynamic,32,30,1,0.9352471122092338,0.1356579371382582,30
20,dynamic,33,30,1,0.9142914868475844,0.17057201840743702,30
20,dynamic,34,30,1,0.8873761387762399,0.2290942607040553,30
20,dynamic,35,30,1,0.9072210166792228,0.18477443702939547,30
20,dynamic,36,30,1,0.9269228663884512,0.1250081973325814,30
20,dynamic,37,30,1,0.9257327690004693,0.12993681277188357,30
20,dynamic,38,30,1,0.9456432005040731,0.1075006302499201,30
20,dynamic,39,30,1,0.9339688315028065,0.1332073271951054,30
20,dynamic,40,30,1,0.9268932976841341,0.1429398858469737,30
20,dynamic,41,30,1,0.9208898198198894,0.14749730544474018,30
20,dynamic,42,30,1,0.9157330571937954,0.15398123898100433,30
20,dynamic,43,30,1,0.9195426109505085,0.13893732854879953,30
20,dynamic,44,30,1,0.9187871324090003,0.14981868086473657,30
20,dynamic,45,30,1,0.8999810261527524,0.16604357512690254,30
20,dynamic,46,30,1,0.8896867466364452,0.18618611353234255,30
20,dynamic,47,30,1,0.8917977595391329,0.187645468414006,30
20,dynamic,48,30,1,0.9112598647209491,0.15705575829076343,30
20,dynamic,49,30,1,0.9054177504990805,0.15853703569595362,30
20,dynamic,50,30,1,0.9367736279458453,0.11465470772565954,30
20,dynamic,51,30,1,0.9044446352296377,0.15857952119433424,30
20,dynamic,52,30,1,0.9264283383146446,0.14379829055886856,30
20,dynamic,53,30,1,0.9131469952144279,0.14477997898104367,30
20,dynamic,54,30,1,0.9210173624927215,0.14137815383481797,30
20,dynamic,55,30,1,0.908034374630519,0.16212247707976069,30
20,dynamic,56,30,1,0.9162446656809055,0.13577614383211983,30
20,dynamic,57,30,1,0.9094778737907301,0.15652572135509304,30
20,dynamic,58,30,1,0.906773126466183,0.18000024616646892,30
20,dynamic,59,30,1,0.8856895471174095,0.17626986668613487,30
20,dynamic,60,30,1,0.9256474846676034,0.1252342725072738,30
20,dynamic,61,30,1,0.9240042532548249,0.14165299623604136,30
20,dynamic,62,30,1,0.9258306129193634,0.13573602200057244,30
20,dynamic,63,30,1,0.9287402711894974,0.14219763482736147,30
20,dynamic,64,30,1,0.8993403902822598,0.188162220523124,30
20,dynamic,65,30,1,0.8775079557191122,0.18777727200414246,30
20,dynamic,66,30,1,0.88575554495292,0.19248238744142954,30
20,dynamic,67,30,1,0.892212601354545,0.15418719957067176,30
20,dynamic,68,30,1,0.8827196991272205,0.15758929816202893,30
20,dynamic,69,30,1,0.9026295379181601,0.14205906109467012,30
20,dynamic,70,30,1,0.8864933210469104,0.17543845283697165,30
20,dynamic,71,30,1,0.9057579844124175,0.14037111730238439,30
20,dynamic,72,30,1,0.9349006511642689,0.13512790891220722,30
20,dynamic,73,30,1,0.9344381798678036,0.11734714232504616,30
20,dynamic,74,30,1,0.9360725489715753,0.1359517649071474,30
20,dynamic,75,30,1,0.9345592969431369,0.11308879789648693,30
20,dynamic,76,30,1,0.9329728075522102,0.12366142980516714,30
20,dynamic,77,30,1,0.9325585393039714,0.133563568844174,30
20,dynamic,78,30,1,0.9167644470776949,0.14102076071733893,30
20,dynamic,79,30,1,0.8978767806081263,0.14454457622136976,30
20,dynamic,80,30,1,0.9166426056431374,0.1376233959848988,30
20,dynamic,81,30,1,0.9263876575703285,0.14216430129164834,30
20,dynamic,82,30,1,0.904976128808812,0.16306142811561558,30
20,dynamic,83,30,1,0.9393825277489392,0.11185991739746358,30
20,dynamic,84,30,1,0.9431704964892892,0.10619104573339408,30
20,dynamic,85,30,1,0.920649331447306,0.15789119416218206,30
20,dynamic,86,30,1,0.8910308480440832,0.19573722387990028,30
20,dynamic,87,30,1,0.8989295724843039,0.18979359025413334,30
20,dynamic,88,30,1,0.8920769201638413,0.16991297685139625,30
20,dynamic,89,30,1,0.9124885256971265,0.1496625389718378,30
20,dynamic,90,30,1,0.9146401853850943,0.16593258161656685,30
20,dynamic,91,30,1,0.9392057112444452,0.11925697603681507,30
20,dynamic,92,30,1,0.9264632502222855,0.13920647100988326,30
20,dynamic,93,30,1,0.9286744330349532,0.14740751829648,30
20,dynamic,94,30,1,0.9190664171140256,0.15100517860992,30
20,dynamic,95,30,1,0.9131258981522101,0.16215902915838534,30
20,dynamic,96,30,1,0.9071959495087875,0.15187578384510714,30
20,dynamic,97,30,1,0.901308690564146,0.16530581949065304,30
20,dynamic,98,30,1,0.872034256541246,0.2055858923080578,30
20,dynamic,99,30,1,0.9138834519975663,0.13819676512244264,30
30,fixed,0,30,0.44205836935353093,0.09919544880065452,0.7261556551556304,30
30,fixed,1,30,0.4673168783461726,0.17843463068530196,0.5944420476770009,30
30,fixed,2,30,0.4673168783461726,0.22270691057952724,0.47608329876168165,30
30,fixed,3,30,0.4673168783461726,0.2643243669424654,0.37037533336749695,30
30,fixed,4,30,0.4673168783461726,0.31273674621569136,0.33467747133322034,30
30,fixed,5,30,0.5367615318721477,0.34569144006200136,0.3428239487453626,30
30,fixed,6,30,0.5367615318721477,0.37566912067233876,0.30878309915078206,30
30,fixed,7,30,0.5367615318721477,0.41830895581309574,0.32950782622238306,30
30,fixed,8,30,0.5820694133276204,0.46485345104029246,0.32625193999436575,30
30,fixed,9,30,0.656969389872156,0.4838556925348311,0.34966941763260273,30
30,fixed,10,30,0.6742546067277707,0.5200141461873646,0.3278482645605334,30
30,fixed,11,30,0.8135615822553782,0.5464577128006572,0.3254138530041753,30
30,fixed,12,30,0.9317952066613682,0.5898166996773749,0.33010717772294623,30
30,fixed,13,30,0.9317952066613682,0.642621531036808,0.3355286556116793,30
30,fixed,14,30,0.9317952066613682,0.6992401019137533,0.258163263698393,30
30,fixed,15,30,0.9678023596655967,0.7627197882791418,0.2416644264124469,30
30,fixed,16,30,1,0.8005124157179344,0.23918644237083247,30
30,fixed,17,30,1,0.8808447649545129,0.16071348119512724,30
30,fixed,18,30,1,0.8722712519435059,0.17454617572084943,30
30,fixed,19,30,1,0.8829321796278792,0.1948543068717557,30
30,fixed,20,30,1,0.8898351836922631,0.17444954261061849,30
30,fixed,21,30,1,0.8958102689766646,0.151547665236061,30
30,fixed,22,30,1,0.8840978960085303,0.17100254403560777,30
30,fixed,23,30,1,0.910850787764593,0.15075843774455755,30
30,fixed,24,30,1,0.9064426957736459,0.1552122893043882,30
30,fixed,25,30,1,0.8999078207657923,0.17901166543194796,30
30,fixed,26,30,1,0.9126673812546692,0.14760575099947262,30
30,fixed,27,30,1,0.9097877875601588,0.1417795706360317,30
30,fixed,28,30,1,0.9303228183569172,0.1394449355981447,30
30,fixed,29,30,1,0.9277697522507943,0.12802539438609986,30
30,fixed,30,30,1,0.9088770218145793,0.17196182222617235,30
30,fixed,31,30,1,0.9330951017463353,0.12825298923252018,30
30,fixed,32,30,1,0.9131913217112814,0.1597147328954872,30
30,fixed,33,30,1,0.9370862637358706,0.10545439426671757,30
30,fixed,34,30,1,0.9078088961686183,0.15383850771238472,30
30,fixed,35,30,1,0.9107269574426545,0.16680137277791537,30
30,fixed,36,30,1,0.9163782407589522,0.15960588575007065,30
30,fixed,37,30,1,0.9108203884790889,0.16753398668924424,30
30,fixed,38,30,1,0.9113059258031354,0.1558737581071466,30
30,fixed,39,30,1,0.899035417008879,0.1680081235876909,30
30,fixed,40,30,1,0.9054820163390457,0.14626962799805576,30
30,fixed,41,30,1,0.9097709308309093,0.151128714480679,30
30,fixed,42,30,1,0.9193265965794181,0.12764203953161493,30
30,fixed,43,30,1,0.9078308334441982,0.15109880749343724,30
30,fixed,44,30,1,0.9051701179057299,0.17466484341226957,30
30,fixed,45,30,1,0.9218752986842337,0.1385854017544124,30
30,fixed,46,30,1,0.9380966209592476,0.12455139502306431,30
30,fixed,47,30,1,0.946827567511054,0.12856110779806323,30
30,fixed,48,30,1,0.9353563144297138,0.11775729347494196,30
30,fixed,49,30,1,0.9417959741085777,0.127548611941378,30
30,fixed,50,30,1,0.9294388886443377,0.12806408283422466,30
30,fixed,51,30,1,0.9386802507733009,0.1307014638175295,30
30,fixed,52,30,1,0.9180608690578638,0.16213534680279118,30
30,fixed,53,30,1,0.9096235996539694,0.1533337117158551,30
30,fixed,54,30,1,0.9086874223740538,0.17890122708585077,30
30,fixed,55,30,1,0.907268747061001,0.1635593131620666,30
30,fixed,56,30,1,0.9210022422974727,0.1370795315590914,30
30,fixed,57,30,1,0.9142145577593426,0.17288010740989312,30
30,fixed,58,30,1,0.9042928298471435,0.17960080597428368,30
30,fixed,59,30,1,0.8997422428872353,0.1750582107229535,30
30,fixed,60,30,1,0.9150703948493731,0.149054873273299,30
30,fixed,61,30,1,0.9426571289158548,0.1273973360541658,30
30,fixed,62,30,1,0.9040827026540702,0.1903068005772774,30
30,fixed,63,30,1,0.9085275764432027,0.17530383687240803,30
30,fixed,64,30,1,0.919360482315608,0.14284779035716694,30
30,fixed,65,30,1,0.9361217195908992,0.12676873254610646,30
30,fixed,66,30,1,0.9333776329156539,0.12925384820923536,30
30,fixed,67,30,1,0.9430115445676405,0.10010021566656706,30
30,fixed,68,30,1,0.91792849766612,0.14923711147227325,30
30,fixed,69,30,1,0.9167148593961977,0.17367135081536014,30
30,fixed,70,30,1,0.9240109071532101,0.12370697858915877,30
30,fixed,71,30,1,0.9302569218526668,0.12275535507723971,30
30,fixed,72,30,1,0.9548055720437957,0.0967653142935744,30
30,fixed,73,30,1,0.9479824070580096,0.10914856948581217,30
30,fixed,74,30,1,0.9121534691872287,0.15083701359527324,30
30,fixed,75,30,1,0.8905924090514931,0.17353511732834243,30
30,fixed,76,30,1,0.8924355904410458,0.1822245756557228,30
30,fixed,77,30,1,0.9068646540539181,0.1507131361314538,30
30,fixed,78,30,1,0.9142515677710298,0.16606657796818042,30
30,fixed,79,30,1,0.9150788818419131,0.15206660042072398,30
30,fixed,80,30,1,0.9136061929281897,0.16082807585133022,30
30,fixed,81,30,1,0.9147894861576177,0.1385688739773407,30
30,fixed,82,30,1,0.8863383273421569,0.1891509424032528,30
30,fixed,83,30,1,0.8992045543169472,0.20038262415526778,30
30,fixed,84,30,1,0.9292778920067545,0.14552790170841398,30
30,fixed,85,30,1,0.9193805180840238,0.16982203084749076,30
30,fixed,86,30,1,0.9391648098614778,0.13187427748801425,30
30,fixed,87,30,1,0.9120688553074295,0.1579085363195141,30
30,fixed,88,30,1,0.91667053639246,0.15059756352935577,30
30,fixed,89,30,1,0.9368139439871204,0.10669726643497449,30
30,fixed,90,30,1,0.9197532813874445,0.13018479082239212,30
30,fixed,91,30,1,0.9053753023508547,0.15124245964899496,30
30,fixed,92,30,1,0.9066481468507246,0.13615582260435624,30
30,fixed,93,30,1,0.8895833938005685,0.15969565156147625,30
30,fixed,94,30,1,0.9078348579989051,0.1656409082252477,30
30,fixed,95,30,1,0.9271667975712841,0.12195758976749616,30
30,fixed,96,30,1,0.9464789227900673,0.11552400210348815,30
30,fixed,97,30,1,0.940772105282759,0.11204227539166084,30
30,fixed,98,30,1,0.932612952895494,0.14655486548194824,30
30,fixed,99,30,1,0.9359735632956279,0.13756056684409418,30
30,dynamic,0,30,0.44205836935353093,0.09919544880065452,0.7261556551556304,30
30,dynamic,1,30,0.4673168783461726,0.17843463068530196,0.5944420476770009,30
30,dynamic,2,30,0.4673168783461726,0.22270691057952724,0.47608329876168165,30
30,dynamic,3,30,0.4673168783461726,0.2643243669424654,0.37037533336749695,30
30,dynamic,4,30,0.4673168783461726,0.31273674621569136,0.33467747133322034,30
30,dynamic,5,30,0.5367615318721477,0.34569144006200136,0.3428239487453626,30
30,dynamic,6,30,0.5367615318721477,0.37566912067233876,0.30878309915078206,30
30,dynamic,7,30,0.5367615318721477,0.41830895581309574,0.32950782622238306,30
30,dynamic,8,30,0.5820694133276204,0.46485345104029246,0.32625193999436575,30
30,dynamic,9,30,0.656969389872156,0.4838556925348311,0.34966941763260273,30
30,dynamic,10,30,0.6742546067277707,0.5200141461873646,0.3278482645605334,30
30,dynamic,11,30,0.8135615822553782,0.5464577128006572,0.3254138530041753,30
30,dynamic,12,30,0.9317952066613682,0.5898166996773749,0.33010717772294623,30
30,dynamic,13,30,0.9317952066613682,0.642621531036808,0.3355286556116793,30
30,dynamic,14,30,0.9317952066613682,0.6992401019137533,0.258163263698393,30
30,dynamic,15,30,0.9678023596655967,0.7627197882791418,0.2416644264124469,30
30,dynamic,16,30,1,0.8005124157179344,0.23918644237083247,30
30,dynamic,17,30,1,0.8808447649545129,0.16071348119512724,30
30,dynamic,18,30,1,0.8722712519435059,0.17454617572084943,30
30,dynamic,19,30,1,0.8829321796278792,0.1948543068717557,30
30,dynamic,20,45,1,0.886763944365326,0.17014244695588293,45
30,dynamic,21,45,1,0.9078954561994838,0.13851468771282632,45
30,dynamic,22,45,1,0.9000633605075978,0.17805706460829535,45
30,dynamic,23,45,1,0.9068719515369379,0.1552494438010454,45
30,dynamic,24,45,1,0.9244637724795404,0.139851948428086,45
30,dynamic,25,45,1,0.9100555428254273,0.14639042712559736,45
30,dynamic,26,45,1,0.9037666480107709,0.1552949018445017,45
30,dynamic,27,45,1,0.9218691466070016,0.13606409948277998,45
30,dynamic,28,45,1,0.9156602030905916,0.1555813422166866,45
30,dynamic,29,45,1,0.9004665550537329,0.16359924816916474,45
30,dynamic,30,45,1,0.9314041178362605,0.12401993895568039,45
30,dynamic,31,45,1,0.9488443145962603,0.11323480248698424,45
30,dynamic,32,45,1,0.9228123723393359,0.1406241294437942,45
30,dynamic,33,45,1,0.917409446824696,0.15689816958737612,45
30,dynamic,34,45,1,0.9113771595110853,0.1746283101518932,45
30,dynamic,35,45,1,0.9262760735301367,0.1450247683569787,45
30,dynamic,36,45,1,0.9276822767936717,0.13597034269963099,45
30,dynamic,37,45,1,0.9158160452338755,0.15166076185098903,45
30,dynamic,38,45,1,0.9223578729923272,0.1529457858255201,45
30,dynamic,39,45,1,0.9156094648654426,0.14783567740918377,45
30,dynamic,40,45,1,0.9038208571616617,0.16703531746049305,45
30,dynamic,41,45,1,0.8952162353097916,0.18603735341539424,45
30,dynamic,42,45,1,0.8914633058371636,0.1829196194925001,45
30,dynamic,43,45,1,0.8979936093371705,0.17844350755962024,45
30,dynamic,44,45,1,0.9093869517815495,0.16732712386045095,45
30,dynamic,45,45,1,0.9188707076156309,0.1505644338919595,45
30,dynamic,46,45,1,0.9223912492230882,0.1617052352588252,45
30,dynamic,47,45,1,0.9245843738577283,0.1449117610749883,45
30,dynamic,48,45,1,0.904217924169102,0.16319996221727906,45
30,dynamic,49,45,1,0.9150072795533526,0.1607109222415011,45
30,dynamic,50,45,1,0.9012386944363632,0.17456836388195573,45
30,dynamic,51,45,1,0.9117904747501548,0.17770229773001103,45
30,dynamic,52,45,1,0.8939269426519448,0.19721379712482012,45
30,dynamic,53,45,1,0.9165000963645537,0.16443331853653603,45
30,dynamic,54,45,1,0.909075889756292,0.16145206148516617,45
30,dynamic,55,45,1,0.9077901715266244,0.15380272429045863,45
30,dynamic,56,45,1,0.895442558978378,0.1773660959684464,45
30,dynamic,57,45,1,0.9210885252120217,0.15974569788029203,45
30,dynamic,58,45,1,0.9065996550785327,0.17815319599649962,45
30,dynamic,59,45,1,0.9026979627143416,0.19282840932536494,45
30,dynamic,60,45,1,0.8957250279384479,0.1773341029400176,45
30,dynamic,61,45,1,0.9072366932618798,0.17981123525737913,45
30,dynamic,62,45,1,0.9079182844367872,0.1600035701654494,45
30,dynamic,63,45,1,0.9126899732659104,0.15890988590467314,45
30,dynamic,64,45,1,0.912006814010654,0.14946369091356915,45
30,dynamic,65,45,1,0.906260474231166,0.19746072957075805,45
30,dynamic,66,45,1,0.8950427675786656,0.1977430881065297,45
30,dynamic,67,45,1,0.9223018076068226,0.13869517490960262,45
30,dynamic,68,45,1,0.8962213555325816,0.1773949414210137,45
30,dynamic,69,45,1,0.9324535003432292,0.12176272563096677,45
30,dynamic,70,45,1,0.9313284778238557,0.12968535446458662,45
30,dynamic,71,45,1,0.9126210966804436,0.1546507854210025,45
30,dynamic,72,45,1,0.9175833796867775,0.14150372681418844,45
30,dynamic,73,45,1,0.9034469087928118,0.16792264158666187,45
30,dynamic,74,45,1,0.8894724777786756,0.1878606892915178,45
30,dynamic,75,45,1,0.911958398557632,0.16308023064286925,45
30,dynamic,76,45,1,0.9080733057946783,0.15375523581549727,45
30,dynamic,77,45,1,0.924896452267282,0.13206105594070858,45
30,dynamic,78,45,1,0.9136620594848449,0.1623667855480615,45
30,dynamic,79,45,1,0.9362872535816387,0.12729691526003079,45
30,dynamic,80,45,1,0.8995138007922847,0.1729994212762262,45
30,dynamic,81,45,1,0.9075605665362526,0.16371884957280974,45
30,dynamic,82,45,1,0.909841584879976,0.15867754799132183,45
30,dynamic,83,45,1,0.9300617919423996,0.14574357415834666,45
30,dynamic,84,45,1,0.9187282619993984,0.145992077755061,45
30,dynamic,85,45,1,0.8916380466845836,0.1896079848446283,45
30,dynamic,86,45,1,0.9026977696480846,0.18136995720611745,45
30,dynamic,87,45,1,0.9247015537393953,0.1357432429645576,45
30,dynamic,88,45,1,0.9249296125491407,0.14857565989631813,45
30,dynamic,89,45,1,0.9138375685735585,0.15027656126426334,45
30,dynamic,90,45,1,0.9431776410263026,0.11501372675979049,45
30,dynamic,91,45,1,0.9191370612907444,0.13718466123147022,45
30,dynamic,92,45,1,0.9174270917282742,0.15777211823256393,45
30,dynamic,93,45,1,0.9042840190062037,0.1894193730825406,45
30,dynamic,94,45,1,0.9096908406083074,0.1576471746950761,45
30,dynamic,95,45,1,0.9096482209320839,0.15876936221767365,45
30,dynamic,96,45,1,0.9197913040778753,0.14903525714118504,45
30,dynamic,97,45,1,0.9304470312900509,0.1471971411448002,45
30,dynamic,98,45,1,0.9266707729310306,0.13977421276502622,45
30,dynamic,99,45,1,0.9032463773659468,0.1825983426600188,45
50,fixed,0,50,0.44205836935353093,0.11486470495016084,0.698171574662296,50
50,fixed,1,50,0.44205836935353093,0.15047667953334248,0.6180570606625468,50
50,fixed,2,50,0.44205836935353093,0.2052470251291002,0.546220917487819,50
50,fixed,3,50,0.47506943913564864,0.2687128051690528,0.44931749713789704,50
50,fixed,4,50,0.4882231306749204,0.318739165558123,0.3484641544440033,50
50,fixed,5,50,0.558030525805295,0.3438572656437583,0.375867335237414,50
50,fixed,6,50,0.7298258799914291,0.40945237522988864,0.3309211922190379,50
50,fixed,7,50,0.7298258799914291,0.4762540699070253,0.3255187322595478,50
50,fixed,8,50,0.7816854131094185,0.5095225140733517,0.2960062671848482,50
50,fixed,9,50,0.8535072242422329,0.5490907334589639,0.297463211217226,50
50,fixed,10,50,0.8561854548036169,0.6071037186650389,0.2779915348032745,50
50,fixed,11,50,0.9047221983860864,0.6581548877296115,0.25545606075698307,50
50,fixed,12,50,0.9330884004387148,0.6997715693103562,0.23653560084535197,50
50,fixed,13,50,0.9524702550557083,0.7335358327373749,0.2460893485364795,50
50,fixed,14,50,1,0.7632971820529478,0.23760373697774895,50
50,fixed,15,50,1,0.8084704039694945,0.24308700368714528,50
50,fixed,16,50,1,0.8539196607923961,0.1983529278776949,50
50,fixed,17,50,1,0.8800586223437697,0.15971693455220978,50
50,fixed,18,50,1,0.8591095890951906,0.1925778486662436,50
50,fixed,19,50,1,0.8867238743432411,0.1818841272874801,50
50,fixed,20,50,1,0.8803392443158117,0.1793510088988568,50
50,fixed,21,50,1,0.8941924780655637,0.15915545020934876,50
50,fixed,22,50,1,0.8956903493428993,0.1673624783552347,50
50,fixed,23,50,1,0.8919533078530414,0.18708573707641363,50
50,fixed,24,50,1,0.8899779151341549,0.1908076651615384,50
50,fixed,25,50,1,0.9166730339126379,0.15329376338568385,50
50,fixed,26,50,1,0.9323048096442446,0.11747004761392973,50
50,fixed,27,50,1,0.9332247995504062,0.13508160444113884,50
50,fixed,28,50,1,0.9304427625593492,0.12935458842573522,50
50,fixed,29,50,1,0.9361249232128097,0.1390440206404931,50
50,fixed,30,50,1,0.8970710797873018,0.18990079194923448,50
50,fixed,31,50,1,0.900593331866099,0.16799936485778105,50
50,fixed,32,50,1,0.921098647613981,0.1431611106236643,50
50,fixed,33,50,1,0.9144094206738571,0.14573845180800898,50
50,fixed,34,50,1,0.8991982823935047,0.17812452073821072,50
50,fixed,35,50,1,0.8936573414523603,0.17198274662820062,50
50,fixed,36,50,1,0.9004531306490954,0.17585222408345058,50
50,fixed,37,50,1,0.9053709194093027,0.1670412240636504,50
50,fixed,38,50,1,0.9113619093391576,0.17464754137008237,50
50,fixed,39,50,1,0.9050013730243945,0.19140418294933648,50
50,fixed,40,50,1,0.909025240410537,0.15532500021802884,50
50,fixed,41,50,1,0.9320196513707752,0.13156389783978772,50
50,fixed,42,50,1,0.915445561109101,0.15451254837989536,50
50,fixed,43,50,1,0.9054277405105049,0.16121340298196074,50
50,fixed,44,50,1,0.9012596414451619,0.1749035663608809,50
50,fixed,45,50,1,0.9135444192090606,0.14929219783203493,50
50,fixed,46,50,1,0.9042937186039164,0.17026392224278925,50
50,fixed,47,50,1,0.8936966461165684,0.18129521725032915,50
50,fixed,48,50,1,0.9181422061140369,0.1474246343763662,50
50,fixed,49,50,1,0.90064224051429,0.17980480493271522,50
50,fixed,50,50,1,0.9130053305119287,0.1613259525584772,50
50,fixed,51,50,1,0.9184871140065292,0.1572427339078235,50
50,fixed,52,50,1,0.9084759233888089,0.17772706251356984,50
50,fixed,53,50,1,0.8949814763369092,0.18938783624736533,50
50,fixed,54,50,1,0.9048145314963691,0.15489523341625638,50
50,fixed,55,50,1,0.9151789339642362,0.14623432373414635,50
50,fixed,56,50,1,0.9067497192582288,0.17354576095416835,50
50,fixed,57,50,1,0.9319884574513563,0.12874990803204805,50
50,fixed,58,50,1,0.9345936036675301,0.1383196235500598,50
50,fixed,59,50,1,0.9323276471774584,0.1420987975875184,50
50,fixed,60,50,1,0.9332206715513803,0.13352170960225568,50
50,fixed,61,50,1,0.9341624144280349,0.1355308646680672,50
50,fixed,62,50,1,0.9079991558032776,0.1668168533493882,50
50,fixed,63,50,1,0.9321658252169115,0.13425812869579082,50
50,fixed,64,50,1,0.9230368149776735,0.15006432040697723,50
50,fixed,65,50,1,0.90187945225724,0.16298177640856937,50
50,fixed,66,50,1,0.9024684439123386,0.1610869542019992,50
50,fixed,67,50,1,0.9155067116918124,0.14624052472305882,50
50,fixed,68,50,1,0.9296842434796081,0.129859724005851,50
50,fixed,69,50,1,0.9210610410208308,0.14718001222897625,50
50,fixed,70,50,1,0.9211187785949465,0.1530351391049682,50
50,fixed,71,50,1,0.9260607960495248,0.14129260020654638,50
50,fixed,72,50,1,0.9369425983665112,0.13351413006486765,50
50,fixed,73,50,1,0.9268163492971674,0.1404380560585093,50
50,fixed,74,50,1,0.924806361752573,0.1627074598080738,50
50,fixed,75,50,1,0.9347465050319497,0.13454729358342143,50
50,fixed,76,50,1,0.9238951478907539,0.14619615723339624,50
50,fixed,77,50,1,0.9202886563950616,0.1622789455203809,50
50,fixed,78,50,1,0.9210107952289718,0.1573716976751649,50
50,fixed,79,50,1,0.9101095071597647,0.15686515009657814,50
50,fixed,80,50,1,0.9219305036519784,0.13610317997404353,50
50,fixed,81,50,1,0.9127763361619252,0.1605767059063356,50
50,fixed,82,50,1,0.9071167617693631,0.16413510460786424,50
50,fixed,83,50,1,0.9192007498566648,0.14938547031291177,50
50,fixed,84,50,1,0.9047930332157044,0.1633596357070406,50
50,fixed,85,50,1,0.910151117012729,0.1643523065781679,50
50,fixed,86,50,1,0.9073740308795581,0.1717414009727301,50
50,fixed,87,50,1,0.9180394710946196,0.14844245526656288,50
50,fixed,88,50,1,0.922408416767968,0.13482402489161943,50
50,fixed,89,50,1,0.9233846172320517,0.14955471462572212,50
50,fixed,90,50,1,0.9158530031641557,0.15465416036631782,50
50,fixed,91,50,1,0.915790835582289,0.16978463899859464,50
50,fixed,92,50,1,0.9015234439813138,0.15850920165201896,50
50,fixed,93,50,1,0.9119828389341571,0.15234499319161396,50
50,fixed,94,50,1,0.9066652429942675,0.16662320794426644,50
50,fixed,95,50,1,0.9100140122925893,0.14303154871762594,50
50,fixed,96,50,1,0.9182534401888697,0.1508690921251102,50
50,fixed,97,50,1,0.9170634332617843,0.14802656753190574,50
50,fixed,98,50,1,0.9136540543044258,0.15848909025086116,50
50,fixed,99,50,1,0.9237634488617514,0.15210967902195946,50
50,dynamic,0,50,0.44205836935353093,0.11486470495016084,0.698171574662296,50
50,dynamic,1,50,0.44205836935353093,0.15047667953334248,0.6180570606625468,50
50,dynamic,2,50,0.44205836935353093,0.2052470251291002,0.546220917487819,50
50,dynamic,3,50,0.47506943913564864,0.2687128051690528,0.44931749713789704,50
50,dynamic,4,50,0.4882231306749204,0.318739165558123,0.3484641544440033,50
50,dynamic,5,50,0.558030525805295,0.3438572656437583,0.375867335237414,50
50,dynamic,6,50,0.7298258799914291,0.40945237522988864,0.3309211922190379,50
50,dynamic,7,50,0.7298258799914291,0.4762540699070253,0.3255187322595478,50
50,dynamic,8,50,0.7816854131094185,0.5095225140733517,0.2960062671848482,50
50,dynamic,9,50,0.8535072242422329,0.5490907334589639,0.297463211217226,50
50,dynamic,10,50,0.8561854548036169,0.6071037186650389,0.2779915348032745,50
50,dynamic,11,50,0.9047221983860864,0.6581548877296115,0.25545606075698307,50
50,dynamic,12,50,0.9330884004387148,0.6997715693103562,0.23653560084535197,50
50,dynamic,13,50,0.9524702550557083,0.7335358327373749,0.2460893485364795,50
50,dynamic,14,50,1,0.7632971820529478,0.23760373697774895,50
50,dynamic,15,50,1,0.8084704039694945,0.24308700368714528,50
50,dynamic,16,50,1,0.8539196607923961,0.1983529278776949,50
50,dynamic,17,50,1,0.8800586223437697,0.15971693455220978,50
50,dynamic,18,50,1,0.8591095890951906,0.1925778486662436,50
50,dynamic,19,50,1,0.8867238743432411,0.1818841272874801,50
50,dynamic,20,75,1,0.8704115539178303,0.18636754627545288,75
50,dynamic,21,75,1,0.8760356622340045,0.1945580601543619,75
50,dynamic,22,75,1,0.8941462045448685,0.15918658834820054,75
50,dynamic,23,75,1,0.913995308084017,0.1498455381629281,75
50,dynamic,24,75,1,0.926274340115124,0.1353738902926439,75
50,dynamic,25,75,1,0.9233324642656743,0.13731393175513237,75
50,dynamic,26,75,1,0.9092838510614035,0.1651802798147364,75
50,dynamic,27,75,1,0.9120592306187221,0.15798724552902552,75
50,dynamic,28,75,1,0.907278957087341,0.14879997165432476,75
50,dynamic,29,75,1,0.9084019376159073,0.16710022814565037,75
50,dynamic,30,75,1,0.904366383578384,0.1649873707847054,75
50,dynamic,31,75,1,0.9259490158277308,0.14325737451333542,75
50,dynamic,32,75,1,0.9129493200054644,0.16529501852834183,75
50,dynamic,33,75,1,0.8940549802679181,0.19719468045305377,75
50,dynamic,34,75,1,0.9095362077040424,0.1613315851449458,75
50,dynamic,35,75,1,0.9059529312126519,0.1659203334098632,75
50,dynamic,36,75,1,0.9149878202093993,0.16429396502014793,75
50,dynamic,37,75,1,0.9216246149180393,0.14297233543381782,75
50,dynamic,38,75,1,0.9097237516608297,0.16480447290060854,75
50,dynamic,39,75,1,0.9148386599073558,0.15830072468575304,75
50,dynamic,40,75,1,0.8979953871221871,0.17281832735870536,75
50,dynamic,41,75,1,0.8854285151367606,0.19454744277655944,75
50,dynamic,42,75,1,0.904092337417922,0.1605546017311651,75
50,dynamic,43,75,1,0.897142443007294,0.17010297042982586,75
50,dynamic,44,75,1,0.9133994402326916,0.14823627596196975,75
50,dynamic,45,75,1,0.8977626658198335,0.17697084987529874,75
50,dynamic,46,75,1,0.90529913034266,0.17382369855168034,75
50,dynamic,47,75,1,0.9212247776671098,0.14949376825237343,75
50,dynamic,48,75,1,0.9266175473964923,0.134947450414296,75
50,dynamic,49,75,1,0.9101791169642243,0.16167004549565334,75
50,dynamic,50,75,1,0.9193711153408621,0.14861826576630888,75
50,dynamic,51,75,1,0.9135264948145578,0.16136874920861927,75
50,dynamic,52,75,1,0.9154744844510001,0.15453195245362578,75
50,dynamic,53,75,1,0.910017969622823,0.1625906309024114,75
50,dynamic,54,75,1,0.9156486233745916,0.15969863625830302,75
50,dynamic,55,75,1,0.9226468305892613,0.14428552942221923,75
50,dynamic,56,75,1,0.9148112998616853,0.15587254796585026,75
50,dynamic,57,75,1,0.9177113183236171,0.1406690344319502,75
50,dynamic,58,75,1,0.9217783185421607,0.15068476336431066,75
50,dynamic,59,75,1,0.9136745948167959,0.16665268857096002,75
50,dynamic,60,75,1,0.9142758589298448,0.16114429479596687,75
50,dynamic,61,75,1,0.9290117767449321,0.14009992586011788,75
50,dynamic,62,75,1,0.912668019659623,0.15885206297062227,75
50,dynamic,63,75,1,0.9191337348699248,0.15314006002947045,75
50,dynamic,64,75,1,0.9089815807483687,0.17540144008859743,75
50,dynamic,65,75,1,0.9024743336753914,0.1852670950941066,75
50,dynamic,66,75,1,0.9271004609361114,0.1425694171012294,75
50,dynamic,67,75,1,0.9096414181299436,0.18135951662549915,75
50,dynamic,68,75,1,0.9233927703354919,0.1615909601520017,75
50,dynamic,69,75,1,0.9159682560767798,0.16701517420862802,75
50,dynamic,70,75,1,0.8953714008048892,0.19465270677922836,75
50,dynamic,71,75,1,0.8796980053872542,0.2119483894686555,75
50,dynamic,72,75,1,0.9039868619908973,0.17301739076010725,75
50,dynamic,73,75,1,0.8986066592016321,0.17185022202642453,75
50,dynamic,74,75,1,0.8953783670396099,0.18043240558455942,75
50,dynamic,75,75,1,0.9006692246435656,0.17651802394999197,75
50,dynamic,76,75,1,0.9046554235781495,0.16019590437607145,75
50,dynamic,77,75,1,0.8920994962229617,0.16480104352271213,75
50,dynamic,78,75,1,0.9071399374943437,0.16705308973093194,75
50,dynamic,79,75,1,0.9188492412570035,0.15695906038084873,75
50,dynamic,80,75,1,0.9295466230685175,0.13486031105227123,75
50,dynamic,81,75,1,0.9342082082403732,0.1382278023481801,75
50,dynamic,82,75,1,0.9331385984805487,0.14059136584347384,75
50,dynamic,83,75,1,0.925167303269111,0.15133267712185802,75
50,dynamic,84,75,1,0.9167506862118858,0.14634221345704668,75
50,dynamic,85,75,1,0.9228776865601376,0.1525584324543321,75
50,dynamic,86,75,1,0.9210016109274265,0.1532246014147731,75
50,dynamic,87,75,1,0.9144554200418871,0.1536313110101083,75
50,dynamic,88,75,1,0.8981321865113373,0.19502826906700668,75
50,dynamic,89,75,1,0.9216825515046068,0.1385232224304171,75
50,dynamic,90,75,1,0.9392054499799976,0.12961580993865335,75
50,dynamic,91,75,1,0.9178571524213259,0.16104804286750374,75
50,dynamic,92,75,1,0.9208122229721795,0.16274341959544758,75
50,dynamic,93,75,1,0.9127312813106379,0.15520528962731348,75
50,dynamic,94,75,1,0.9201771590118032,0.15080253784787423,75
50,dynamic,95,75,1,0.9125776145321876,0.1700931534283641,75
50,dynamic,96,75,1,0.912801067359369,0.16128666493442761,75
50,dynamic,97,75,1,0.9138758629232835,0.16251907900198428,75
50,dynamic,98,75,1,0.9306825744437788,0.1401881934573373,75
50,dynamic,99,75,1,0.9213417200839342,0.14481262651853888,75
100,fixed,0,100,0.45018224236890364,0.12617972845587822,0.6737592664958609,100
100,fixed,1,100,0.45018224236890364,0.17510373660899747,0.5639091190441425,100
100,fixed,2,100,0.5555123341061189,0.22844931787960174,0.5057290762623643,100
100,fixed,3,100,0.5555123341061189,0.2741955954292491,0.475904952148986,100
100,fixed,4,100,0.7883756889975686,0.3252164610102854,0.4441076630157129,100
100,fixed,5,100,0.7883756889975686,0.3928721721776409,0.3811140186398162,100
100,fixed,6,100,0.7883756889975686,0.4383515416493099,0.3842104479174129,100
100,fixed,7,100,0.9618644378782115,0.5129389774836275,0.36427657946990166,100
100,fixed,8,100,0.9855780749074745,0.5600212706612403,0.36435020587854294,100
100,fixed,9,100,0.9855780749074745,0.6079901838446282,0.34193696970769516,100
100,fixed,10,100,0.9855780749074745,0.6484375655010642,0.34864582516290876,100
100,fixed,11,100,0.9855780749074745,0.694329550968587,0.2929304080392189,100
100,fixed,12,100,1,0.7370336077367291,0.2573479771605698,100
100,fixed,13,100,1,0.772566509611572,0.24848129218658724,100
100,fixed,14,100,1,0.7881449913460166,0.23737945817581002,100
100,fixed,15,100,1,0.8105661617690814,0.21263126957353942,100
100,fixed,16,100,1,0.8342182135524593,0.20815663545548027,100
100,fixed,17,100,1,0.8381180390736103,0.20378148052793893,100
100,fixed,18,100,1,0.8729522957866817,0.18314219923820702,100
100,fixed,19,100,1,0.8612695396586518,0.20805682528858577,100
100,fixed,20,100,1,0.8878469798419819,0.16606086499924394,100
100,fixed,21,100,1,0.905415556377775,0.14870464884516843,100
100,fixed,22,100,1,0.9117575957267412,0.14459711447400792,100
100,fixed,23,100,1,0.9164069674711469,0.14672058877379554,100
100,fixed,24,100,1,0.9155539801706541,0.1570542829377929,100
100,fixed,25,100,1,0.9109073413364895,0.17111224133461997,100
100,fixed,26,100,1,0.9225867901101291,0.15402119894043848,100
100,fixed,27,100,1,0.9289314581173138,0.14025523409317,100
100,fixed,28,100,1,0.9176501646095923,0.1599822713955662,100
100,fixed,29,100,1,0.9319758143773851,0.13300524452812154,100
100,fixed,30,100,1,0.9185561481370066,0.14842676974471336,100
100,fixed,31,100,1,0.9171724217601737,0.15271974924240322,100
100,fixed,32,100,1,0.9317151518809073,0.14248502285910644,100
100,fixed,33,100,1,0.9200456814436013,0.15261463983628387,100
100,fixed,34,100,1,0.9118154534901208,0.1592536648809102,100
100,fixed,35,100,1,0.9166258724417691,0.1537630770978652,100
100,fixed,36,100,1,0.9201941202014804,0.14816425607940883,100
100,fixed,37,100,1,0.9151898354398595,0.1506248515774957,100
100,fixed,38,100,1,0.892538094636433,0.18431956239976563,100
100,fixed,39,100,1,0.9059166124837678,0.16240833859661033,100
100,fixed,40,100,1,0.9014291849911981,0.1755536610259495,100
100,fixed,41,100,1,0.9211492433340035,0.15428218609813082,100
100,fixed,42,100,1,0.9253557461250875,0.15127435766872405,100
100,fixed,43,100,1,0.9228944291365484,0.15823271397408456,100
100,fixed,44,100,1,0.9213574987162805,0.15693149805514295,100
100,fixed,45,100,1,0.914386312466626,0.15145035540174978,100
100,fixed,46,100,1,0.9198232824809094,0.15727297395948697,100
100,fixed,47,100,1,0.9175848803059775,0.16648107025932757,100
100,fixed,48,100,1,0.9142416653982227,0.1669872971325093,100
100,fixed,49,100,1,0.9116539662164471,0.16560288163949172,100
100,fixed,50,100,1,0.9037986461241238,0.1705717670296997,100
100,fixed,51,100,1,0.9118518916835536,0.15839354793412525,100
100,fixed,52,100,1,0.9194035379208253,0.15613151514911694,100
100,fixed,53,100,1,0.9148558015459679,0.15971283629842753,100
100,fixed,54,100,1,0.9317216023496602,0.13284046102874944,100
100,fixed,55,100,1,0.9311113299621024,0.14112561208747867,100
100,fixed,56,100,1,0.9263062408658613,0.15559701048448338,100
100,fixed,57,100,1,0.9190592218118253,0.1713479793888412,100
100,fixed,58,100,1,0.9347669842298778,0.14120603981210153,100
100,fixed,59,100,1,0.941913279468382,0.12436283092293718,100
100,fixed,60,100,1,0.9158137753332922,0.1676867645499561,100
100,fixed,61,100,1,0.9194091303276488,0.16296579639186023,100
100,fixed,62,100,1,0.9463333479897383,0.11698482710506142,100
100,fixed,63,100,1,0.9295111891279438,0.14302904626972535,100
100,fixed,64,100,1,0.9124446663562198,0.16138979317232274,100
100,fixed,65,100,1,0.9266506130905179,0.1376123711731358,100
100,fixed,66,100,1,0.9209978121543548,0.15701146039800512,100
100,fixed,67,100,1,0.9093382417705388,0.16227926464504783,100
100,fixed,68,100,1,0.9195978613130288,0.1473500354616653,100
100,fixed,69,100,1,0.9206335457517034,0.15327058367354274,100
100,fixed,70,100,1,0.925018125525884,0.13608007351452373,100
100,fixed,71,100,1,0.9078124774545658,0.16101101266263196,100
100,fixed,72,100,1,0.9108890504420217,0.16348038861993824,100
100,fixed,73,100,1,0.9112934726759795,0.15741495636019134,100
100,fixed,74,100,1,0.9053297706623024,0.1716869301917706,100
100,fixed,75,100,1,0.9027611433604076,0.16791518369872496,100
100,fixed,76,100,1,0.9055247086711339,0.16417818948361612,100
100,fixed,77,100,1,0.9229479501117894,0.14193205918756163,100
100,fixed,78,100,1,0.9332418111958816,0.13471990986589025,100
100,fixed,79,100,1,0.9252653197422178,0.1480009716886107,100
100,fixed,80,100,1,0.9252634080204548,0.13602676250556223,100
100,fixed,81,100,1,0.9092457704466551,0.16388127956301934,100
100,fixed,82,100,1,0.9207975419204613,0.1442734306777324,100
100,fixed,83,100,1,0.9295031152333567,0.14040512762730806,100
100,fixed,84,100,1,0.9195104646787331,0.15236150991676403,100
100,fixed,85,100,1,0.9292630588825361,0.12778251750879835,100
100,fixed,86,100,1,0.9155518066376512,0.1551868925188264,100
100,fixed,87,100,1,0.9111311220352977,0.1513792248889697,100
100,fixed,88,100,1,0.9242004438966412,0.14616770511213983,100
100,fixed,89,100,1,0.9247640529132711,0.12434907986143715,100
100,fixed,90,100,1,0.9196319383277256,0.15088181033185927,100
100,fixed,91,100,1,0.9218667076702419,0.15415063477185628,100
100,fixed,92,100,1,0.9136443099126572,0.16097327066027944,100
100,fixed,93,100,1,0.9204343020006899,0.14773492108079087,100
100,fixed,94,100,1,0.9119606401182844,0.16781224255317667,100
100,fixed,95,100,1,0.911882520235478,0.15814456423116272,100
100,fixed,96,100,1,0.8975973300480229,0.19127989108485047,100
100,fixed,97,100,1,0.9000974121317721,0.18073246877668703,100
100,fixed,98,100,1,0.9135051445847435,0.1549984290157127,100
100,fixed,99,100,1,0.9118079316096805,0.15773452466721802,100
100,dynamic,0,100,0.45018224236890364,0.12617972845587822,0.6737592664958609,100
100,dynamic,1,100,0.45018224236890364,0.17510373660899747,0.5639091190441425,100
100,dynamic,2,100,0.5555123341061189,0.22844931787960174,0.5057290762623643,100
100,dynamic,3,100,0.5555123341061189,0.2741955954292491,0.475904952148986,100
100,dynamic,4,100,0.7883756889975686,0.3252164610102854,0.4441076630157129,100
100,dynamic,5,100,0.7883756889975686,0.3928721721776409,0.3811140186398162,100
100,dynamic,6,100,0.7883756889975686,0.4383515416493099,0.3842104479174129,100
100,dynamic,7,100,0.9618644378782115,0.5129389774836275,0.36427657946990166,100
100,dynamic,8,100,0.9855780749074745,0.5600212706612403,0.36435020587854294,100
100,dynamic,9,100,0.9855780749074745,0.6079901838446282,0.34193696970769516,100
100,dynamic,10,100,0.9855780749074745,0.6484375655010642,0.34864582516290876,100
100,dynamic,11,100,0.9855780749074745,0.694329550968587,0.2929304080392189,100
100,dynamic,12,100,1,0.7370336077367291,0.2573479771605698,100
100,dynamic,13,100,1,0.772566509611572,0.24848129218658724,100
100,dynamic,14,100,1,0.7881449913460166,0.23737945817581002,100
100,dynamic,15,100,1,0.8105661617690814,0.21263126957353942,100
100,dynamic,16,100,1,0.8342182135524593,0.20815663545548027,100
100,dynamic,17,100,1,0.8381180390736103,0.20378148052793893,100
100,dynamic,18,100,1,0.8729522957866817,0.18314219923820702,100
100,dynamic,19,100,1,0.8612695396586518,0.20805682528858577,100
100,dynamic,20,150,1,0.8629120072448048,0.19681249016069002,150
100,dynamic,21,150,1,0.8855581838985196,0.17290207353665107,150
100,dynamic,22,150,1,0.9059185323071887,0.16091034822018582,150
100,dynamic,23,150,1,0.9133451149453754,0.160733956727186,150
100,dynamic,24,150,1,0.9126488952820648,0.15509967230463123,150
100,dynamic,25,150,1,0.9130401006382317,0.16058981872988573,150
100,dynamic,26,150,1,0.916661788142307,0.1560949883236085,150
100,dynamic,27,150,1,0.9185827767854992,0.15057537092906706,150
100,dynamic,28,150,1,0.9208242046612611,0.14903747693432978,150
100,dynamic,29,150,1,0.9131249798273378,0.158425623833775,150
100,dynamic,30,150,1,0.9034467543679764,0.18018165067651795,150
100,dynamic,31,150,1,0.9028408403964329,0.17596073866497527,150
100,dynamic,32,150,1,0.907797314999271,0.17125538785359887,150
100,dynamic,33,150,1,0.9238287269271477,0.15596697858704886,150
100,dynamic,34,150,1,0.9060823372603823,0.17113088579673288,150
100,dynamic,35,150,1,0.915212169257263,0.1598197867278744,150
100,dynamic,36,150,1,0.9168321463399339,0.15659426221941047,150
100,dynamic,37,150,1,0.9093097376286106,0.17614815697502528,150
100,dynamic,38,150,1,0.9144022572577342,0.1700346219221861,150
100,dynamic,39,150,1,0.9111329790850297,0.181240258808277,150
100,dynamic,40,150,1,0.9130686073647518,0.17274682406021352,150
100,dynamic,41,150,1,0.9243036916181637,0.14047313479630444,150
100,dynamic,42,150,1,0.9279872957186102,0.1522519296552747,150
100,dynamic,43,150,1,0.936703843918127,0.12727262059770322,150
100,dynamic,44,150,1,0.9246839916218346,0.15923935011992435,150
100,dynamic,45,150,1,0.9197394996030827,0.16610102844860342,150
100,dynamic,46,150,1,0.9313397893432697,0.14076162277921597,150
100,dynamic,47,150,1,0.9192418875639803,0.15036487103050938,150
100,dynamic,48,150,1,0.9298933123880676,0.14419184143864555,150
100,dynamic,49,150,1,0.9131099727784991,0.1602743039701588,150
100,dynamic,50,150,1,0.9163441127369474,0.1620714028393519,150
100,dynamic,51,150,1,0.9266005596621159,0.13746096455886142,150
100,dynamic,52,150,1,0.9124582313696296,0.1632560230311093,150
100,dynamic,53,150,1,0.9177164261592452,0.15446978346645165,150
100,dynamic,54,150,1,0.914319879720321,0.15663455609198768,150
100,dynamic,55,150,1,0.9150917069485549,0.1568270689995663,150
100,dynamic,56,150,1,0.9217252070522945,0.1465134555839745,150
100,dynamic,57,150,1,0.9056444997183782,0.1728660749049035,150
100,dynamic,58,150,1,0.9013814827786882,0.16869712329596775,150
100,dynamic,59,150,1,0.9104270003622981,0.16596058146919002,150
100,dynamic,60,150,1,0.9171822753437493,0.15018365470942896,150
100,dynamic,61,150,1,0.9157753323575073,0.15051464834658476,150
100,dynamic,62,150,1,0.9066649044920496,0.16222806205418713,150
100,dynamic,63,150,1,0.9160069580512347,0.15655061928663916,150
100,dynamic,64,150,1,0.904421791943286,0.16373883945679166,150
100,dynamic,65,150,1,0.9064793242695189,0.168661675432201,150
100,dynamic,66,150,1,0.9042342467524738,0.17224191800400998,150
100,dynamic,67,150,1,0.9120993733383329,0.15252163644468852,150
100,dynamic,68,150,1,0.919401013536959,0.14922611716750664,150
100,dynamic,69,150,1,0.9153380727590193,0.14791257540762512,150
100,dynamic,70,150,1,0.9268857518980277,0.14227809805783928,150
100,dynamic,71,150,1,0.9302144489425938,0.13285798484307856,150
100,dynamic,72,150,1,0.9275894591517359,0.1450349856187762,150
100,dynamic,73,150,1,0.9174680340686293,0.16681296813959534,150
100,dynamic,74,150,1,0.9127064168258175,0.16105268639514386,150
100,dynamic,75,150,1,0.9000764094902614,0.17432962123626267,150
100,dynamic,76,150,1,0.898471403262033,0.1897854011523325,150
100,dynamic,77,150,1,0.9095745239229949,0.17194647871378582,150
100,dynamic,78,150,1,0.9278413978583366,0.14879945030335576,150
100,dynamic,79,150,1,0.9202541086992719,0.15896455452404734,150
100,dynamic,80,150,1,0.9302779748880755,0.14580746612829093,150
100,dynamic,81,150,1,0.9245764525889296,0.16081516248332833,150
100,dynamic,82,150,1,0.920195987428525,0.1644083758723201,150
100,dynamic,83,150,1,0.9319042736633717,0.1381129007540376,150
100,dynamic,84,150,1,0.9202962540774899,0.15083951410917815,150
100,dynamic,85,150,1,0.9055455926071709,0.1718181785810835,150
100,dynamic,86,150,1,0.9186850660975328,0.1585582613438917,150
100,dynamic,87,150,1,0.9152604431370239,0.15666892843605718,150
100,dynamic,88,150,1,0.9135469781748611,0.158329250948019,150
100,dynamic,89,150,1,0.9273796648949885,0.14761664762357157,150
100,dynamic,90,150,1,0.9206434111698547,0.1572949434255317,150
100,dynamic,91,150,1,0.9131007708236425,0.15614908549163112,150
100,dynamic,92,150,1,0.9191076263835584,0.14730414863959526,150
100,dynamic,93,150,1,0.9155116147088953,0.1558647593510902,150
100,dynamic,94,150,1,0.9154469187304032,0.15630140178885424,150
100,dynamic,95,150,1,0.9090514373849711,0.163027002322084,150
100,dynamic,96,150,1,0.9185496981835738,0.16085223508697782,150
100,dynamic,97,150,1,0.9258479913731276,0.14189257124681262,150
100,dynamic,98,150,1,0.9287894563125413,0.14097605597634488,150
100,dynamic,99,150,1,0.9141255406990352,0.17057034160650347,150
200,fixed,0,200,0.6507918952063748,0.13420649197212764,0.6661981416055751,200
200,fixed,1,200,0.66529162415328,0.1824164861596037,0.5694793047087834,200
200,fixed,2,200,0.7640236242938019,0.24430539156306044,0.5171105347664082,200
200,fixed,3,200,0.7640236242938019,0.30509104955867267,0.4849667002038095,200
200,fixed,4,200,0.7640236242938019,0.3647608135655441,0.4359982736017971,200
200,fixed,5,200,0.7640236242938019,0.4267593630158072,0.38107896694797294,200
200,fixed,6,200,0.8415765744864623,0.4930124353511666,0.39163510584331396,200
200,fixed,7,200,0.8809935525682253,0.5594465661386261,0.35334234298140005,200
200,fixed,8,200,0.915555464524304,0.6262563911683574,0.32279520076892254,200
200,fixed,9,200,0.9395094279647849,0.6752106616255109,0.29995423086098427,200
200,fixed,10,200,1,0.7339967339861418,0.25747178071364796,200
200,fixed,11,200,1,0.7637070535641507,0.2590921710028923,200
200,fixed,12,200,1,0.8086865671738885,0.23249499527915146,200
200,fixed,13,200,1,0.8353148552864783,0.20834455962259887,200
200,fixed,14,200,1,0.8695153329975001,0.18382336011090375,200
200,fixed,15,200,1,0.8850762021679174,0.17979854820133956,200
200,fixed,16,200,1,0.8909929276659844,0.1740767441572849,200
200,fixed,17,200,1,0.8940458835520053,0.1794078865023213,200
200,fixed,18,200,1,0.8961349493566524,0.17343695987823765,200
200,fixed,19,200,1,0.9097307673966339,0.15543975555368716,200
200,fixed,20,200,1,0.9135230337198307,0.14809230473086427,200
200,fixed,21,200,1,0.9096739733840136,0.16931779733922175,200
200,fixed,22,200,1,0.9136779372024693,0.1576085753191208,200
200,fixed,23,200,1,0.9095624545566349,0.16472234840406175,200
200,fixed,24,200,1,0.9147950857513213,0.1674881823591902,200
200,fixed,25,200,1,0.9135395170145034,0.157560189166994,200
200,fixed,26,200,1,0.9089350551019411,0.1615346788701868,200
200,fixed,27,200,1,0.9194010030894514,0.15950239899489999,200
200,fixed,28,200,1,0.9271526167453328,0.15239985607646878,200
200,fixed,29,200,1,0.9287762718808508,0.14663317155173833,200
200,fixed,30,200,1,0.934173637185099,0.13849444348935255,200
200,fixed,31,200,1,0.9184803442981702,0.15805263300264033,200
200,fixed,32,200,1,0.9271857661628081,0.1408436203399574,200
200,fixed,33,200,1,0.9149989195095145,0.15601557321202197,200
200,fixed,34,200,1,0.9183008763585531,0.16076432185435413,200
200,fixed,35,200,1,0.9235224832134402,0.15547421528682492,200
200,fixed,36,200,1,0.9196560501350387,0.1624626378433582,200
200,fixed,37,200,1,0.9180544504754506,0.16087774923739406,200
200,fixed,38,200,1,0.9180105982644485,0.1602200735765533,200
200,fixed,39,200,1,0.9204160621471082,0.15273595226645478,200
200,fixed,40,200,1,0.9099487892927194,0.16769320896553402,200
200,fixed,41,200,1,0.9021811777385644,0.17957067250260544,200
200,fixed,42,200,1,0.9129666331362514,0.1563246403754026,200
200,fixed,43,200,1,0.9057595654250945,0.1658726989338403,200
200,fixed,44,200,1,0.9128692779686517,0.15412714023874324,200
200,fixed,45,200,1,0.905428764835056,0.16867157369856686,200
200,fixed,46,200,1,0.9131774883411,0.14757683450355466,200
200,fixed,47,200,1,0.907587308888305,0.1650673961310853,200
200,fixed,48,200,1,0.9020876569659265,0.1692611877996752,200
200,fixed,49,200,1,0.9063749694753224,0.1596902284544987,200
200,fixed,50,200,1,0.9013571288074549,0.163841117690461,200
200,fixed,51,200,1,0.9105066592602395,0.15652847791056124,200
200,fixed,52,200,1,0.9157790898706463,0.14836672881746357,200
200,fixed,53,200,1,0.9047030636713684,0.17194174289572703,200
200,fixed,54,200,1,0.9140867181670074,0.15108141484874724,200
200,fixed,55,200,1,0.9144995423952369,0.15583908485833448,200
200,fixed,56,200,1,0.9110071792612813,0.16107212671915963,200
200,fixed,57,200,1,0.9161039902953415,0.15354289586558326,200
200,fixed,58,200,1,0.908071010517449,0.1677728121218679,200
200,fixed,59,200,1,0.9113348165080434,0.16859445534648598,200
200,fixed,60,200,1,0.926552256489643,0.1500196653836661,200
200,fixed,61,200,1,0.9247221796941755,0.14249553082571637,200
200,fixed,62,200,1,0.9206679012008915,0.14723758271022142,200
200,fixed,63,200,1,0.9220027158310526,0.15397245127416723,200
200,fixed,64,200,1,0.9130845574236706,0.1669458965722887,200
200,fixed,65,200,1,0.9127666495862375,0.16845004803943275,200
200,fixed,66,200,1,0.9191375136395739,0.14675894579030757,200
200,fixed,67,200,1,0.9239264545538534,0.14057794698841758,200
200,fixed,68,200,1,0.9222894552735166,0.15601771032395462,200
200,fixed,69,200,1,0.9207114042130199,0.1517543839882777,200
200,fixed,70,200,1,0.9124576171449654,0.1619694043614439,200
200,fixed,71,200,1,0.9252365064177518,0.1437620337114392,200
200,fixed,72,200,1,0.9049242998656649,0.17931027384243375,200
200,fixed,73,200,1,0.9100506642836192,0.1722388268019794,200
200,fixed,74,200,1,0.9079819073185388,0.16909376165398174,200
200,fixed,75,200,1,0.9124896060973556,0.15971867266275594,200
200,fixed,76,200,1,0.9162058360046812,0.17492344479584987,200
200,fixed,77,200,1,0.9197054194147508,0.15058619639424622,200
200,fixed,78,200,1,0.9148931536584232,0.1627724143620858,200
200,fixed,79,200,1,0.9227790613672042,0.14661890232431038,200
200,fixed,80,200,1,0.9204797644961389,0.15013356299866049,200
200,fixed,81,200,1,0.9257736085005495,0.14852960670409,200
200,fixed,82,200,1,0.9180000022075555,0.15387221017642283,200
200,fixed,83,200,1,0.9255804602215943,0.15015219781214523,200
200,fixed,84,200,1,0.9154355520888654,0.16494283192818715,200
200,fixed,85,200,1,0.9243841166366815,0.14745228375522595,200
200,fixed,86,200,1,0.9160389797344081,0.16486448169243656,200
200,fixed,87,200,1,0.9171534257700027,0.1587284189268964,200
200,fixed,88,200,1,0.910790904707036,0.16556617405796242,200
200,fixed,89,200,1,0.9095965910252906,0.16937291587261127,200
200,fixed,90,200,1,0.921964477915081,0.15597854531579966,200
200,fixed,91,200,1,0.9285622667118748,0.13868273511382065,200
200,fixed,92,200,1,0.9138562402749814,0.17335390139649287,200
200,fixed,93,200,1,0.9210278068313432,0.15787690116711617,200
200,fixed,94,200,1,0.9324894209812301,0.13485223008350783,200
200,fixed,95,200,1,0.933175086898804,0.13735960787653273,200
200,fixed,96,200,1,0.924546975936038,0.14985418806654033,200
200,fixed,97,200,1,0.9225532366944071,0.15056853294355038,200
200,fixed,98,200,1,0.9189288171765128,0.1639065528721806,200
200,fixed,99,200,1,0.9102461489477794,0.15890737854528694,200
200,dynamic,0,200,0.6507918952063748,0.13420649197212764,0.6661981416055751,200
200,dynamic,1,200,0.66529162415328,0.1824164861596037,0.5694793047087834,200
200,dynamic,2,200,0.7640236242938019,0.24430539156306044,0.5171105347664082,200
200,dynamic,3,200,0.7640236242938019,0.30509104955867267,0.4849667002038095,200
200,dynamic,4,200,0.7640236242938019,0.3647608135655441,0.4359982736017971,200
200,dynamic,5,200,0.7640236242938019,0.4267593630158072,0.38107896694797294,200
200,dynamic,6,200,0.8415765744864623,0.4930124353511666,0.39163510584331396,200
200,dynamic,7,200,0.8809935525682253,0.5594465661386261,0.35334234298140005,200
200,dynamic,8,200,0.915555464524304,0.6262563911683574,0.32279520076892254,200
200,dynamic,9,200,0.9395094279647849,0.6752106616255109,0.29995423086098427,200
200,dynamic,10,200,1,0.7339967339861418,0.25747178071364796,200
200,dynamic,11,200,1,0.7637070535641507,0.2590921710028923,200
200,dynamic,12,200,1,0.8086865671738885,0.23249499527915146,200
200,dynamic,13,200,1,0.8353148552864783,0.20834455962259887,200
200,dynamic,14,200,1,0.8695153329975001,0.18382336011090375,200
200,dynamic,15,200,1,0.8850762021679174,0.17979854820133956,200
200,dynamic,16,200,1,0.8909929276659844,0.1740767441572849,200
200,dynamic,17,200,1,0.8940458835520053,0.1794078865023213,200
200,dynamic,18,200,1,0.8961349493566524,0.17343695987823765,200
200,dynamic,19,200,1,0.9097307673966339,0.15543975555368716,200
200,dynamic,20,300,1,0.8953998342269565,0.16877105614888468,300
200,dynamic,21,300,1,0.8995651996966484,0.17818465443622522,300
200,dynamic,22,300,1,0.9090574142667919,0.16785227844892253,300
200,dynamic,23,300,1,0.9108101871672555,0.15884482106778144,300
200,dynamic,24,300,1,0.9199385592930351,0.15169221539968297,300
200,dynamic,25,300,1,0.9212921736425198,0.15441039493266512,300
200,dynamic,26,300,1,0.9244310686434519,0.14895977745171285,300
200,dynamic,27,300,1,0.9221369378780919,0.15437198744778405,300
200,dynamic,28,300,1,0.9205240326595108,0.15004830137536024,300
200,dynamic,29,300,1,0.9164282006979406,0.15698003029768628,300
200,dynamic,30,300,1,0.913171143738095,0.16107248057074341,300
200,dynamic,31,300,1,0.9143627454077174,0.16212491172324195,300
200,dynamic,32,300,1,0.913210440830315,0.1598188385483924,300
200,dynamic,33,300,1,0.9035157476099716,0.1745840275634207,300
200,dynamic,34,300,1,0.9107257358539647,0.1548378873833175,300
200,dynamic,35,300,1,0.9122574456431073,0.1591386018267092,300
200,dynamic,36,300,1,0.9028099714931883,0.17543367428281997,300
200,dynamic,37,300,1,0.9099928437682722,0.16563313163564225,300
200,dynamic,38,300,1,0.9201998067022091,0.15376601141980084,300
200,dynamic,39,300,1,0.9228772404790144,0.14811730177651583,300
200,dynamic,40,300,1,0.9170065366144149,0.15536314055421518,300
200,dynamic,41,300,1,0.918306603480383,0.15560578027329697,300
200,dynamic,42,300,1,0.9124350329647929,0.16305913881534723,300
200,dynamic,43,300,1,0.9130026925733263,0.16341326478636564,300
200,dynamic,44,300,1,0.9089329425191439,0.16549933807944878,300
200,dynamic,45,300,1,0.9138525887454136,0.15532323796002526,300
200,dynamic,46,300,1,0.9185765728901727,0.15103483900628,300
200,dynamic,47,300,1,0.9235420408451684,0.1487809302883329,300
200,dynamic,48,300,1,0.9208111512618983,0.16205303771806556,300
200,dynamic,49,300,1,0.9164024681080701,0.15899778068015985,300
200,dynamic,50,300,1,0.9088298816214492,0.16713197770461552,300
200,dynamic,51,300,1,0.9102018794316797,0.1672038066392653,300
200,dynamic,52,300,1,0.9230791322231452,0.14718512492926564,300
200,dynamic,53,300,1,0.9211155523344312,0.15807998494266218,300
200,dynamic,54,300,1,0.9238766329603614,0.14657472059345864,300
200,dynamic,55,300,1,0.9254759091435145,0.14705866559545577,300
200,dynamic,56,300,1,0.9223979193833348,0.14512839935811625,300
200,dynamic,57,300,1,0.9235720734107534,0.14774063663392215,300
200,dynamic,58,300,1,0.9215014419967853,0.14948689044840102,300
200,dynamic,59,300,1,0.9228046256310406,0.14900301679082434,300
200,dynamic,60,300,1,0.9203739696533517,0.15592464390945193,300
200,dynamic,61,300,1,0.9201367221973783,0.15421369312088257,300
200,dynamic,62,300,1,0.9160734005495851,0.15353163051750277,300
200,dynamic,63,300,1,0.9228260135617359,0.15532222768308124,300
200,dynamic,64,300,1,0.9190372738193272,0.15137460182226334,300
200,dynamic,65,300,1,0.9174420979403906,0.15597445878184457,300
200,dynamic,66,300,1,0.9157961863855439,0.16654364489532364,300
200,dynamic,67,300,1,0.9178078831131308,0.15315951677666784,300
200,dynamic,68,300,1,0.9104229338079123,0.1637667717157375,300
200,dynamic,69,300,1,0.9187871553041616,0.15193202794197175,300
200,dynamic,70,300,1,0.9226320584426825,0.15261081306506386,300
200,dynamic,71,300,1,0.9260260518970331,0.14366958396152646,300
200,dynamic,72,300,1,0.9238560829142476,0.1472880492358709,300
200,dynamic,73,300,1,0.9161316117787711,0.16469739480463788,300
200,dynamic,74,300,1,0.9201991279827421,0.15450946414782527,300
200,dynamic,75,300,1,0.9204707365115629,0.15365293593773516,300
200,dynamic,76,300,1,0.9230104846884488,0.15307120758902631,300
200,dynamic,77,300,1,0.9197654133766664,0.1560298820172293,300
200,dynamic,78,300,1,0.9160579691884362,0.15641724134428522,300
200,dynamic,79,300,1,0.9109959916768245,0.1583847639841077,300
200,dynamic,80,300,1,0.9142578055011131,0.1602991864029646,300
200,dynamic,81,300,1,0.9185671559333927,0.1540298500634946,300
200,dynamic,82,300,1,0.9155843025182302,0.16750786308304347,300
200,dynamic,83,300,1,0.9121668679096521,0.1676869396197594,300
200,dynamic,84,300,1,0.9202537042456033,0.14848610857269945,300
200,dynamic,85,300,1,0.9174671997719539,0.15287403125991356,300
200,dynamic,86,300,1,0.9191051474228643,0.15582104910276923,300
200,dynamic,87,300,1,0.9141695081504632,0.16147546464253332,300
200,dynamic,88,300,1,0.9221793411553946,0.1466598731702929,300
200,dynamic,89,300,1,0.9254595275388656,0.1426020613327754,300
200,dynamic,90,300,1,0.921057081860861,0.15596974187252177,300
200,dynamic,91,300,1,0.9158980582415025,0.16458412490222363,300
200,dynamic,92,300,1,0.9186327473177284,0.16091067691377797,300
200,dynamic,93,300,1,0.9188919401497825,0.1563818971445108,300
200,dynamic,94,300,1,0.9211169032564009,0.15187567934392454,300
200,dynamic,95,300,1,0.9284861110789205,0.13878091327036213,300
200,dynamic,96,300,1,0.9164559310789152,0.15847820413351252,300
200,dynamic,97,300,1,0.9069984329204438,0.17368245242369956,300
200,dynamic,98,300,1,0.9143644691420978,0.1611278374556347,300
200,dynamic,99,300,1,0.912939364107794,0.16319595122413663,300
